廠別,棟別,樓層,站點,MachID,問題分類,問題描述,問題子分類,報案時間
ASEF3,K25,8F,2395,805,過帳相關,"ASEF3-2395-805 CA00234BK EIG 382KH9 2395 K14153 LogEAP_Error 機台作業總片數與MES總片數比對失敗，不進行Move Out，Machine_QTY：[9]，MES_QTY：[18] 
2 ASEF3-2395-805 CA00234BK EIG 382KAQ 2395 K14153 LogEAP_Error 機台作業總片數與MES總片數比對失敗，不進行Move Out，Machine_QTY：[9]，MES_QTY：[18] 
 
 
 . 

處理中,請稍候..",無法過帳,2025/9/21 下午 11:41:04
ASEF3,K25,8F,2400,03,過帳相關,"ASEF3-2400-803 CA02880BK EIG 382KBP 2400 K14183 LogEAP_Error 機台作業總片數與MES總片數比對失敗，不進行Move Out，Machine_QTY：[8]，MES_QTY：[16] 
2 ASEF3-2400-803 CA02880BK EIG 382KBL 2400 K14183 LogEAP_Error 機台作業總片數與MES總片數比對失敗，不進行Move Out，Machine_QTY：[8]，MES_QTY：[16]",無法過帳,2025/9/21 下午 11:35:39
ASEF3,K25,8F,2890,801,自動化設備相關,alarm,卡盒卡盤,2025/9/21 下午 11:26:26
ASEF3,K25,8F,3260,ALL,自動化設備相關,alarm,卡盒卡盤,2025/9/21 下午 11:22:58
ASEF3,K25,8F,2395,808,過帳相關,小黑盒壞了 無法連線,無法過帳,2025/9/21 下午 11:08:33
ASEF3,K25,8F,2395,803,過帳相關,"ASEF3-2395-803 CA03288BK EIG 382KK8 2395 K14153 LogEAP_Error 機台作業總片數與MES總片數比對失敗，不進行Move Out，Machine_QTY：[8]，MES_QTY：[16] 
2 ASEF3-2395-803 CA03288BK EIG 382KF9 2395 K14153 LogEAP_Error 機台作業總片數與MES總片數比對失敗，不進行Move Out，Machine_QTY：[8]，MES_QTY：[16]",無法過帳,2025/9/21 下午 11:01:21
ASEF3,K25,8F,4110,ALL,自動化設備相關,,卡盒卡盤,2025/9/21 下午 10:52:59
ASEF3,K25,8F,3260,ALL,自動化設備相關,,卡盒卡盤,2025/9/21 下午 10:52:35
ASEF3,K25,8F,2400,814,過帳相關,小黑盒  壞掉無法連線,無法過帳,2025/9/21 下午 10:15:37
ASEF3,K25,8F,2400,814,過帳相關,機台作業總片數與MES總片數比對成功，Machine_QTY：[12]，MES_QTY：[12],無法過帳,2025/9/21 下午 10:15:06
ASEF3,K25,8F,2400,815,過帳相關,小黑盒  壞掉無法連線,無法過帳,2025/9/21 下午 10:09:53
ASEF3,K25,8F,2890,803,自動化設備相關,,卡盒卡盤,2025/9/21 下午 10:09:37
ASEF3,K25,8F,2400,813,過帳相關,小黑盒  壞掉無法連線,無法過帳,2025/9/21 下午 09:54:52
ASEF3,K11,8F,4110,ALL,自動化設備相關,B line 移載台車Sensor斷線,機台異常,2025/9/21 下午 09:32:41
ASEF3,K25,8F,2890,803,自動化設備相關,ok,卡盒卡盤,2025/9/21 下午 09:30:07
ASEF3,K25,8F,2395,805,過帳相關,"ASEF3-2395-805 CA02880BK EIG 382KBP 2395 K06598 LogEAP_Error 機台作業總片數與MES總片數比對失敗，不進行Move Out，Machine_QTY：[8]，MES_QTY：[16] 
2 ASEF3-2395-805 CA02880BK EIG 382KBL 2395 K06598 LogEAP_Error 機台作業總片數與MES總片數比對失敗，不進行Move Out，Machine_QTY：[8]，MES_QTY：[16]",無法過帳,2025/9/21 下午 09:28:27
ASEF3,K25,8F,2400,803,過帳相關,機台作業總片數與MES總片數比對失敗，不進行Move Out，Machine_QTY：[8]，MES_QTY：[16],無法過帳,2025/9/21 下午 09:24:00
ASEF3,K25,8F,2400,806,過帳相關,機台作業總片數與MES總片數比對失敗，不進行Move Out，Machine_QTY：[9]，MES_QTY：[27],無法過帳,2025/9/21 下午 09:17:54
ASEF3,K25,8F,3260,ALL,自動化設備相關,,卡盒卡盤,2025/9/21 下午 09:17:28
ASEF3,K25,8F,2400,807,過帳相關,小黑盒  壞掉無法連線,無法過帳,2025/9/21 下午 09:14:29
ASEF3,K25,8F,2400,815,過帳相關,早班未過帳已補過帳~,無法過帳,2025/9/21 下午 09:01:57
ASEF3,K25,8F,2395,808,過帳相關,小黑盒壞了 無法連線,無法過帳,2025/9/21 下午 08:57:41
ASEF3,K11,8F,4730,817,關閉比對,4730 #817  1517L  AI PROFILE  MTK，EE 需求關閉比對，手動上傳爐溫，請協助關閉AI PROFILE,關整台,2025/9/21 下午 08:47:10
ASEF3,K11,7F,4730,822,關閉比對,4730 #822  42L  AI PROFILE  MTK，EE 需求關閉比對，手動上傳爐溫，請協助關閉AI PROFILE,關整台,2025/9/21 下午 08:44:22
ASEF3,K25,8F,3260,ALL,自動化設備相關,,過壓防撞,2025/9/21 下午 08:00:34
ASEF3,K11,6F,4730,604,關閉比對,4730 #604  522L  AI PROFILE  最高溫比對異常，工程師 需求關閉比對，手動上傳爐溫，請協助關閉AI PROFILE,關整台,2025/9/21 下午 07:57:53
ASEF3,K11,7F,4730,818,關閉比對,4730#818  264(MM1X) L  AI PROFILE   比對異常，EE TEAM 需求關閉比對，手動上傳爐溫，請協助關閉AI PROFILE,關整台,2025/9/21 下午 07:57:37
ASEF3,K11,7F,4730,821,關閉比對,4730#821  346L  25JSI無建檔  AI PROFILE  ，需求關閉比對(待工程師新增)，手動上傳爐溫，請協助關閉AI PROFILE,關整台,2025/9/21 下午 07:57:23
ASEF3,K11,7F,4730,803,關閉比對,4730#803  264(MM1X) L  AI PROFILE   比對異常，EE TEAM 需求關閉比對，手動上傳爐溫，請協助關閉AI PROFILE,關整台,2025/9/21 下午 07:57:04
ASEF3,K11,6F,4730,603,關閉比對,4730#603  266L 無美光  PROFILE ，EE TEAM 需求關閉比對，手動上傳爐溫，請協助關閉AI PROFILE,關整台,2025/9/21 下午 07:56:42
ASEF3,K11,8F,4730,814,關閉比對,4730#814 過帳電腦故障，EE TEAM 需求關閉比對，手動上傳爐溫，請協助關閉AI PROFILE,關整台,2025/9/21 下午 07:56:24
ASEF3,K11,9F,4730,801,關閉比對,4730#801 無安裝 AI PROFILE，系統有卡 EE TEAM 需求關閉比對，手動上傳爐溫，請協助關閉AI PROFILE,關整台,2025/9/21 下午 07:56:06
ASEF3,K11,9F,4730,816,關閉比對,4730#816 無安裝 AI PROFILE，系統有卡 EE TEAM 需求關閉比對，手動上傳爐溫，請協助關閉AI PROFILE,關整台,2025/9/21 下午 07:55:48
ASEF3,K11,9F,4515,651,關閉比對,4515#651 需過帳4554站點，請協助關閉防漏洗功能,關整台,2025/9/21 下午 07:55:26
ASEF3,K25,8F,2395,812,過帳相關,ASEF3-2395-812 CA03212BK EIG 382KBN 2395 K06598 LogEAP_Error 機台作業總片數與MES總片數比對失敗，不進行Move Out，Machine_QTY：[8]，MES_QTY：[16],無法過帳,2025/9/21 下午 07:50:54
ASEF3,K11,8F,4110,ALL,自動化設備相關,NG,機台異常,2025/9/21 下午 07:37:14
ASEF1,K21,8F,2500,ALL,自動化設備相關,A LINE NG,機台異常,2025/9/21 下午 07:08:59
ASEF3,K25,8F,2400,815,過帳相關,小黑盒,無法過帳,2025/9/21 下午 06:57:17
ASEF3,K25,8F,2395,805,過帳相關,片數,無法過帳,2025/9/21 下午 06:53:04
ASEF1,K21,8F,2715,A03,自動化設備相關,2715 A03 NG,機台異常,2025/9/21 下午 06:47:46
ASEF3,K25,8F,2400,813,過帳相關,小黑盒,無法過帳,2025/9/21 下午 06:38:40
ASEF3,K25,8F,2400,804,過帳相關,小黑盒,無法過帳,2025/9/21 下午 06:29:00
ASEF3,K25,8F,2400,806,過帳相關,片數,無法過帳,2025/9/21 下午 06:27:03
ASEF3,K25,8F,2400,807,過帳相關,小黑盒,無法過帳,2025/9/21 下午 06:17:35
ASEF3,K25,8F,2400,807,過帳相關,小黑盒,無法過帳,2025/9/21 下午 06:16:36
ASEF3,K25,8F,3190,802,自動化設備相關,儲格夾爪異常,機台異常,2025/9/21 下午 06:15:13
ASEF3,K25,8F,3260,B22,自動化設備相關,,機台異常,2025/9/21 下午 06:14:37
ASEF1,K21,8F,2500,ALL,自動化設備相關,A LINE NG,機台異常,2025/9/21 下午 06:14:31
ASEF3,K25,8F,3670,E04,自動化設備相關,,機台異常,2025/9/21 下午 05:54:46
ASEF3,K25,8F,3260,B17,自動化設備相關,,機台異常,2025/9/21 下午 05:50:51
ASEF1,K21,8F,2500,ALL,自動化設備相關,B區出片過久異常,默停,2025/9/21 下午 05:49:10
ASEF3,K11,8F,3910,809,過帳相關,"3910-809 因讀取2D時FAIL，機台顯示產品已打印，實際產品未打印。
批號為 5-CDQMV2-010-003
目前當站EE已確認OK，煩請協助消除此條批號之作業紀錄，謝謝。",連線異常,2025/9/21 下午 05:15:18
ASEF3,K25,8F,3190,802,自動化設備相關,儲格夾貨夾歪。,過壓防撞,2025/9/21 下午 04:00:45
ASEF3,K25,8F,3190,801,自動化設備相關,儲格夾貨夾歪。,過壓防撞,2025/9/21 下午 04:00:16
ASEF3,K25,8F,2400,808,過帳相關,小黑盒,無法過帳,2025/9/21 下午 03:59:02
ASEF1,K21,8F,2715,A03,自動化設備相關,NG,過壓防撞,2025/9/21 下午 03:56:04
ASEF1,K21,8F,2715,A03,自動化設備相關,2715 A03 NG,機台異常,2025/9/21 下午 03:52:14
ASEF3,K25,8F,3260,ALL,自動化設備相關,,機台異常,2025/9/21 下午 03:48:27
ASEF3,K25,8F,2400,813,過帳相關,片數,無法過帳,2025/9/21 下午 03:26:42
ASEF3,K25,8F,2400,804,過帳相關,片數,無法過帳,2025/9/21 下午 03:23:35
ASEF3,K11,8F,3450,ALL,自動化設備相關,CV2#04 皮帶異常,機台異常,2025/9/21 下午 03:00:08
ASEF3,K25,8F,2400,815,過帳相關,小黑盒,無法過帳,2025/9/21 下午 02:57:21
ASEF3,K25,8F,2400,804,過帳相關,片數,無法過帳,2025/9/21 下午 02:50:18
ASEF1,K21,8F,2715,A03,自動化設備相關,2715 A03 NG,機台異常,2025/9/21 下午 02:40:43
ASEF3,K25,8F,3260,ALL,自動化設備相關,,機台異常,2025/9/21 下午 02:35:26
ASEF1,K21,5F,2195,C01,過帳相關,請改TOSA作業...謝謝,連線異常,2025/9/21 下午 02:31:31
ASEF3,K25,8F,2400,806,過帳相關,小黑盒,無法過帳,2025/9/21 下午 02:09:03
ASEF3,K25,8F,3260,ALL,自動化設備相關,,機台異常,2025/9/21 下午 01:47:40
ASEF3,K25,8F,2400,815,過帳相關,小黑盒,無法過帳,2025/9/21 下午 01:43:19
ASEF3,K25,8F,2400,807,過帳相關,小黑盒,無法過帳,2025/9/21 下午 01:40:32
ASEF3,K25,8F,2400,807,過帳相關,小黑盒,無法過帳,2025/9/21 下午 01:38:42
ASEF1,K21,8F,2715,A03,自動化設備相關,2715  A03 NG,機台異常,2025/9/21 下午 01:32:03
ASEF1,K21,8F,2715,A03,自動化設備相關,NG,過壓防撞,2025/9/21 下午 01:17:17
ASEF3,K25,8F,3800,03,自動化設備相關,,命令異常,2025/9/21 下午 01:17:03
ASEF3,K25,8F,3800,04,自動化設備相關,,命令異常,2025/9/21 下午 01:16:39
ASEF3,K25,8F,2395,809,過帳相關,機台作業總片數與MES總片數比對失敗，不進行Move Out，Machine_QTY：[7]，MES_QTY：[25],參數比對異常,2025/9/21 下午 01:08:54
ASEF3,K22,8F,2400,813,過帳相關,小黑盒,無法過帳,2025/9/21 下午 01:07:22
ASEF3,K25,8F,2400,813,過帳相關,小黑盒,無法過帳,2025/9/21 下午 01:05:49
ASEF3,K25,8F,2395,808,過帳相關,小黑盒壞掉無法連線,無法過帳,2025/9/21 下午 01:04:37
ASEF3,K25,8F,2400,815,過帳相關,小黑盒,無法過帳,2025/9/21 下午 12:52:22
ASEF3,K25,8F,2400,808,過帳相關,小黑盒,無法過帳,2025/9/21 下午 12:51:10
ASEF1,K21,8F,2715,A03,自動化設備相關,2715 A03 NG,機台異常,2025/9/21 下午 12:48:57
ASEF1,K21,8F,2715,A03,自動化設備相關,NG,過壓防撞,2025/9/21 下午 12:18:42
ASEF3,K25,8F,2400,804,過帳相關,片數,無法過帳,2025/9/21 下午 12:10:03
ASEF3,K25,8F,2395,804,過帳相關,機台作業總片數與MES總片數比對失敗，不進行Move Out，Machine_QTY：[1]，MES_QTY：[2],參數比對異常,2025/9/21 下午 12:06:40
ASEF3,K25,8F,3670,ALL,自動化設備相關,,機台異常,2025/9/21 上午 11:57:52
ASEF3,K25,8F,3260,ALL,自動化設備相關,,機台異常,2025/9/21 上午 11:56:57
ASEF1,K21,8F,2715,A02,自動化設備相關,2715 A02 NG,機台異常,2025/9/21 上午 11:43:00
ASEF1,K21,8F,2715,A03,自動化設備相關,2715 A03 NG,機台異常,2025/9/21 上午 11:10:50
ASEF3,K25,8F,2395,805,過帳相關,機台作業總片數與MES總片數比對失敗，不進行Move Out，Machine_QTY：[12]，MES_QTY：[24],參數比對異常,2025/9/21 上午 10:57:28
ASEF3,K25,8F,2395,803,過帳相關,,參數比對異常,2025/9/21 上午 10:37:01
ASEF3,K25,8F,2400,807,過帳相關,小黑盒,無法過帳,2025/9/21 上午 10:32:45
ASEF3,K25,8F,2400,807,過帳相關,小黑盒,無法過帳,2025/9/21 上午 10:31:56
ASEF3,K25,8F,3260,ALL,自動化設備相關,,機台異常,2025/9/21 上午 10:25:39
ASEF3,K25,8F,3260,B27,自動化設備相關,,機台異常,2025/9/21 上午 10:25:15
ASEF3,K25,8F,2395,808,過帳相關,小黑盒  壞掉無法連線,無法過帳,2025/9/21 上午 10:25:09
ASEF3,K22,8F,2395,812,過帳相關,機台作業總片數與MES總片數比對失敗，不進行Move Out，Machine_QTY：[12]，MES_QTY：[24],參數比對異常,2025/9/21 上午 10:21:29
ASEF3,K25,8F,3260,B22,自動化設備相關,,機台異常,2025/9/21 上午 10:13:50
ASEF3,K25,8F,4110,ALL,自動化設備相關,,機台異常,2025/9/21 上午 10:06:02
ASEF1,K21,8F,2715,A03,自動化設備相關,過壓,過壓防撞,2025/9/21 上午 10:05:17
ASEF3,K25,8F,3260,ALL,自動化設備相關,,機台異常,2025/9/21 上午 10:03:59
ASEF3,K25,8F,2400,815,過帳相關,小黑盒,無法過帳,2025/9/21 上午 09:55:05
ASEF3,K25,8F,3800,03,自動化設備相關,,默停,2025/9/21 上午 09:51:08
ASEF3,K25,8F,2400,815,過帳相關,片數,無法過帳,2025/9/21 上午 09:50:43
ASEF3,K25,8F,2400,806,過帳相關,片數,無法過帳,2025/9/21 上午 09:44:06
ASEF3,K25,8F,2400,801,過帳相關,小黑盒,無法過帳,2025/9/21 上午 09:42:50
ASEF3,K11,8F,3910,809,過帳相關,"麻煩幫忙消除3910-809的作業記錄,謝謝
批號:5-CDQMV2-001-001",參數比對異常,2025/9/21 上午 09:41:41
ASEF3,K11,8F,4110,ALL,自動化設備相關,(M7820)台車位置檢知遮蔽,偵測檢知異常,2025/9/21 上午 09:40:09
ASEF3,K25,8F,3260,B29,自動化設備相關,,機台異常,2025/9/21 上午 09:38:33
ASEF3,K25,8F,3260,ALL,自動化設備相關,,機台異常,2025/9/21 上午 09:23:02
ASEF1,K21,8F,2715,A02,自動化設備相關,2715 A02 NG,機台異常,2025/9/21 上午 09:16:45
ASEF3,K11,8F,3450,ALL,自動化設備相關,,機台異常,2025/9/21 上午 09:11:49
ASEF3,K22,8F,2395,804,過帳相關,機台作業總片數與MES總片數比對失敗，不進行Move Out，Machine_QTY：[13]，MES_QTY：[26],參數比對異常,2025/9/21 上午 09:04:18
ASEF3,K25,8F,2400,804,過帳相關,片數,無法過帳,2025/9/21 上午 09:04:01
ASEF3,K25,8F,2400,808,過帳相關,小黑盒,無法過帳,2025/9/21 上午 09:01:15
ASEF1,K21,8F,2715,A02,過帳相關,MOVE IN 失敗,無法過帳,2025/9/21 上午 08:58:46
ASEF1,K21,8F,2500,ALL,自動化設備相關,B區默停,默停,2025/9/21 上午 08:36:04
ASEF3,K25,8F,2395,810,過帳相關,機台作業總片數與MES總片數比對失敗，不進行Move Out，Machine_QTY：[1]，MES_QTY：[3],參數比對異常,2025/9/21 上午 08:24:52
ASEF3,K25,8F,2400,815,過帳相關,小黑盒,無法過帳,2025/9/21 上午 08:12:05
ASEF1,K21,8F,2715,A03,自動化設備相關,2715 A03 NG,機台異常,2025/9/21 上午 08:11:16
ASEF3,K22,8F,2400,815,過帳相關,片數,無法過帳,2025/9/21 上午 08:10:50
ASEF3,K11,6F,4730,602,關閉比對,4730 #602  499L  AI PROFILE  最高溫比對異常，工程師 需求關閉比對，手動上傳爐溫，請協助關閉AI PROFILE,關整台,2025/9/21 上午 08:10:19
ASEF3,K11,6F,4730,604,關閉比對,4730 #604  5222  AI PROFILE  最高溫比對異常，工程師 需求關閉比對，手動上傳爐溫，請協助關閉AI PROFILE,關整台,2025/9/21 上午 08:01:37
ASEF3,K11,6F,4730,605,關閉比對,4730 #605  288(UR2D) AI PROFILE  升溫率比對異常，工程師 需求關閉比對，手動上傳爐溫，請協助關閉AI PROFILE,關整台,2025/9/21 上午 08:01:20
ASEF3,K25,8F,3260,B28,自動化設備相關,,機台異常,2025/9/21 上午 08:01:12
ASEF3,K11,7F,4730,818,關閉比對,4730#818  264(MM1X) L  AI PROFILE   比對異常，EE TEAM 需求關閉比對，手動上傳爐溫，請協助關閉AI PROFILE,關整台,2025/9/21 上午 08:00:46
ASEF3,K11,7F,4730,821,關閉比對,4730#821  346L  25JSI無建檔  AI PROFILE  ，需求關閉比對(待工程師新增)，手動上傳爐溫，請協助關閉AI PROFILE,關整台,2025/9/21 上午 08:00:25
ASEF3,K11,7F,4730,803,關閉比對,4730#803  264(MM1X) L  AI PROFILE   比對異常，EE TEAM 需求關閉比對，手動上傳爐溫，請協助關閉AI PROFILE,關整台,2025/9/21 上午 08:00:07
ASEF3,K11,6F,4730,603,關閉比對,4730#603  266L 無美光  AI PROFILE ， 需求關閉比對(待工程師新增)，手動上傳爐溫，請協助關閉AI PROFILE,關整台,2025/9/21 上午 07:59:50
ASEF3,K11,8F,4730,814,關閉比對,4730#814 過帳電腦故障，EE TEAM 需求關閉比對，手動上傳爐溫，請協助關閉AI PROFILE,關整台,2025/9/21 上午 07:59:32
ASEF3,K11,9F,4730,801,關閉比對,4730#801 無安裝 AI PROFILE，系統有卡 EE TEAM 需求關閉比對，手動上傳爐溫，請協助關閉AI PROFILE,關整台,2025/9/21 上午 07:58:56
ASEF3,K11,9F,4730,816,關閉比對,4730#816 無安裝 AI PROFILE，系統有卡 EE TEAM 需求關閉比對，手動上傳爐溫，請協助關閉AI PROFILE,關整台,2025/9/21 上午 07:58:41
ASEF3,K11,9F,4515,651,關閉比對,4515#651 需過帳4554站點，請協助關閉防漏洗功能,關整台,2025/9/21 上午 07:58:20
ASEF3,K25,8F,3260,ALL,自動化設備相關,,機台異常,2025/9/21 上午 07:47:57
ASEF1,K21,5F,2845,T06,過帳相關,,連線異常,2025/9/21 上午 07:47:00
ASEF3,K25,8F,2395,802,過帳相關,,無法過帳,2025/9/21 上午 07:45:04
ASEF1,K21,8F,2945,0380,關閉比對,需使用虛擬機台過帳，請協助關閉比對。謝謝！,關整台,2025/9/21 上午 07:44:39
ASEF3,K25,8F,2400,13,過帳相關,小黑盒  壞掉無法連線,無法過帳,2025/9/21 上午 07:28:45
ASEF3,K25,9F,3910,9002,過帳相關,"消除作業紀錄，共2條，批號：
5-372KN7-016-001
＆
5-372KN7-016-002",連線異常,2025/9/21 上午 02:11:43
ASEF3,K11,8F,3910,823,過帳相關,2D timeout 麻煩幫忙刪除 5-37UY2F-013-005 的雷射打印紀錄 謝謝,連線異常,2025/9/20 下午 08:44:59
ASEF3,K25,8F,3670,ALL,自動化設備相關,alarm,偵測檢知異常,2025/9/19 上午 06:45:23
ASEF3,K25,8F,4110,ALL,自動化設備相關,alarm,過壓防撞,2025/9/19 上午 06:44:59
ASEF3,K25,8F,3260,ALL,自動化設備相關,alarm,卡盒卡盤,2025/9/19 上午 06:44:39
ASEF3,K25,8F,3670,ALL,自動化設備相關,alarm,偵測檢知異常,2025/9/19 上午 06:20:49
ASEF3,K25,8F,2890,801,自動化設備相關,,卡盒卡盤,2025/9/19 上午 05:58:23
ASEF3,K25,8F,2880,804,自動化設備相關,alarm,卡盒卡盤,2025/9/19 上午 05:56:12
ASEF3,K25,8F,2890,803,自動化設備相關,alarm,卡盒卡盤,2025/9/19 上午 05:07:54
ASEF3,K25,8F,2890,803,自動化設備相關,alarm,偵測檢知異常,2025/9/19 上午 04:47:06
ASEF3,K11,6F,4600,604,自動化設備相關,UNLOADER 手臂無動作,默停,2025/9/19 上午 04:29:26
ASEF3,K11,8F,4110,ALL,自動化設備相關,NG,機台異常,2025/9/19 上午 03:52:20
ASEF3,K25,8F,2890,801,自動化設備相關,,卡盒卡盤,2025/9/19 上午 03:03:07
ASEF3,K25,8F,2890,801,自動化設備相關,,卡盒卡盤,2025/9/19 上午 02:53:09
ASEF3,K25,9F,3910,9010,過帳相關,"消除作業紀錄，批號：
5-38UYNX-009-010",連線異常,2025/9/19 上午 02:38:22
ASEF3,K25,8F,3260,ALL,自動化設備相關,,卡盒卡盤,2025/9/19 上午 02:29:14
ASEF3,K11,8F,4110,ALL,自動化設備相關,NG,機台異常,2025/9/19 上午 02:09:27
ASEF3,K25,8F,4110,ALL,自動化設備相關,,卡盒卡盤,2025/9/19 上午 01:52:08
ASEF3,K11,8F,4110,ALL,自動化設備相關,NG,機台異常,2025/9/19 上午 01:49:03
ASEF3,K25,8F,4110,ALL,自動化設備相關,,過壓防撞,2025/9/19 上午 01:19:40
ASEF3,K25,8F,3260,ALL,自動化設備相關,,卡盒卡盤,2025/9/19 上午 12:25:48
ASEF3,K25,8F,2890,801,自動化設備相關,,偵測檢知異常,2025/9/18 下午 10:55:14
ASEF3,K11,6F,4730,602,關閉比對,4730#602  AI PROFILE   最高溫異常，EE TEAM 需求關閉比對，手動上傳爐溫，請協助關閉AI PROFILE,關整台,2025/9/18 下午 10:45:18
ASEF3,K25,9F,3910,9010,過帳相關,"消除作業紀錄，批號：
5-JMQMD8-005-004",連線異常,2025/9/18 下午 10:14:23
ASEF3,K25,8F,2890,801,自動化設備相關,alarm,卡盒卡盤,2025/9/18 下午 10:11:35
ASEF3,K11,8F,4110,ALL,自動化設備相關,NG,機台異常,2025/9/18 下午 09:39:08
ASEF3,K25,8F,3260,ALL,自動化設備相關,alarm,卡盒卡盤,2025/9/18 下午 08:46:31
ASEF3,K25,8F,2890,801,自動化設備相關,alarm,偵測檢知異常,2025/9/18 下午 08:35:22
ASEF3,K25,8F,4110,ALL,自動化設備相關,alarm,過壓防撞,2025/9/18 下午 08:32:25
ASEF3,K25,8F,4110,ALL,自動化設備相關,alarm,卡盒卡盤,2025/9/18 下午 08:17:12
ASEF3,K11,8F,4110,ALL,自動化設備相關,NG,機台異常,2025/9/18 下午 07:59:36
ASEF3,K11,7F,4730,818,關閉比對,4730#818  264(MM1X) L  AI PROFILE   比對異常，EE TEAM 需求關閉比對，手動上傳爐溫，請協助關閉AI PROFILE,關整台,2025/9/18 下午 07:53:50
ASEF3,K11,7F,4730,820,關閉比對,4730#820  397 MTK  AI PROFILE   比對異常，EE TEAM 需求關閉比對，手動上傳爐溫，請協助關閉AI PROFILE,關整台,2025/9/18 下午 07:53:28
ASEF3,K11,7F,4730,821,關閉比對,4730#821  346L  25JSI無建檔  AI PROFILE  ，需求關閉比對(待工程師新增)，手動上傳爐溫，請協助關閉AI PROFILE,關整台,2025/9/18 下午 07:53:08
ASEF3,K11,7F,4730,803,關閉比對,4730#803  264(MM1X) L  AI PROFILE   比對異常，EE TEAM 需求關閉比對，手動上傳爐溫，請協助關閉AI PROFILE,關整台,2025/9/18 下午 07:52:48
ASEF3,K11,6F,4730,603,關閉比對,4730#603  266L 無美光  PROFILE ，EE TEAM 需求關閉比對，手動上傳爐溫，請協助關閉AI PROFILE,關整台,2025/9/18 下午 07:52:28
ASEF3,K11,8F,4730,814,關閉比對,4730#814 過帳電腦故障，EE TEAM 需求關閉比對，手動上傳爐溫，請協助關閉AI PROFILE,關整台,2025/9/18 下午 07:52:11
ASEF3,K11,9F,4730,801,關閉比對,4730#801 無安裝 AI PROFILE，系統有卡 EE TEAM 需求關閉比對，手動上傳爐溫，請協助關閉AI PROFILE,關整台,2025/9/18 下午 07:51:47
ASEF3,K11,9F,4730,816,關閉比對,4730#816 無安裝 AI PROFILE，系統有卡 EE TEAM 需求關閉比對，手動上傳爐溫，請協助關閉AI PROFILE,關整台,2025/9/18 下午 07:51:29
ASEF3,K11,9F,4515,651,關閉比對,4515#651 需過帳4554站點，請協助關閉防漏洗功能,關整台,2025/9/18 下午 07:51:06
ASEF3,K25,8F,3260,ALL,自動化設備相關,alarm,卡盒卡盤,2025/9/18 下午 07:49:06
ASEF3,K11,8F,4110,ALL,自動化設備相關,(M7820)台車位置檢知遮蔽,偵測檢知異常,2025/9/18 下午 06:48:50
ASEF3,K11,8F,4110,ALL,自動化設備相關,"(M7139)入料龍門夾爪動作逾時
(M7103)入料龍門過壓(X380)
(M7102)入料龍門Z軸極限遮蔽",卡盒卡盤,2025/9/18 下午 05:19:11
ASEF1,K21,8F,2715,A02,過帳相關,MOVE IN失敗,無法過帳,2025/9/18 下午 04:52:28
ASEF1,K21,8F,2500,ALL,自動化設備相關,烤箱儲格區異常,機台異常,2025/9/18 下午 04:50:48
ASEF1,K21,8F,2500,ALL,自動化設備相關,烤箱儲格區異常,機台異常,2025/9/18 下午 04:32:23
ASEF1,K21,7F,2715,A02,自動化設備相關,2715-02 NG,機台異常,2025/9/18 下午 03:46:35
ASEF3,K11,8F,3260,ALL,自動化設備相關,高空流道機故,機台異常,2025/9/18 下午 03:36:39
ASEF3,K25,8F,3260,B21,自動化設備相關,,機台異常,2025/9/18 下午 02:50:08
ASEF3,K25,9F,3910,9006,過帳相關,2D讀取Timeout，請協助清除2D讀取紀錄。5-362KLS-004-004,連線異常,2025/9/18 下午 02:49:45
ASEF3,K25,9F,3910,9003,過帳相關,2D讀取Timeout，請協助清除2D讀取紀錄。5-382KSD-003-007,無法過帳,2025/9/18 下午 02:47:16
ASEF3,K25,9F,3910,9004,過帳相關,2D讀取Timeout，請協助清除2D讀取紀錄。5-MCQMDJ-002-001,連線異常,2025/9/18 下午 02:45:14
ASEF3,K25,8F,4110,ALL,自動化設備相關,,機台異常,2025/9/18 下午 02:30:27
ASEF3,K11,8F,4110,ALL,自動化設備相關,(M7504)烤箱目標無法入盤,偵測檢知異常,2025/9/18 下午 02:28:55
ASEF1,K21,8F,2500,ALL,自動化設備相關,烤箱儲格異常,機台異常,2025/9/18 下午 02:17:52
ASEF3,K11,7F,4730,818,關閉比對,4730#803  264(MM1X) L  AI PROFILE   比對異常，EE TEAM 需求關閉比對，手動上傳爐溫，請協助關閉AI PROFILE,關整台,2025/9/18 下午 02:01:32
ASEF3,K11,8F,3910,825,過帳相關,"3910-825 因讀取2D時FAIL，機台顯示產品已打印，實際產品未打印。
批號為 CDQMB7-020-002
目前當站EE已確認OK，煩請協助消除此條批號之作業紀錄，謝謝。",無法過帳,2025/9/18 下午 01:59:54
ASEF1,K21,8F,2500,ALL,自動化設備相關,B LINE NG,機台異常,2025/9/18 下午 01:39:41
ASEF3,K25,8F,3260,ALL,自動化設備相關,,機台異常,2025/9/18 下午 01:37:07
ASEF3,K11,8F,4110,A02,自動化設備相關,(M7244)台車STAGE21滿盤勾盤汽缸異常,卡盒卡盤,2025/9/18 下午 01:30:57
ASEF1,K21,8F,2500,ALL,自動化設備相關,B LINE NG,機台異常,2025/9/18 下午 01:01:52
ASEF3,K11,8F,4110,ALL,自動化設備相關,(M7820)台車位置檢知遮蔽,偵測檢知異常,2025/9/18 下午 12:44:00
ASEF5,K18,9F,2900,K02E,過帳相關,K18 2900-K02E 目前EAP 模式為單機單打模式，預計上機TZ 6194L(一台機台打2顆die)，需請協助幫切換該機台EAP版本為單機雙打的模式，謝謝,無法過帳,2025/9/18 上午 10:58:49
ASEF3,K11,8F,4730,811,過帳相關,"TrackIn 失敗(Fail):JTQMG8B001(Magazine ID:MA17544X4) REFLOW_SECS_WS_AUTOMATION Recipe To EAP失敗, Please cal EE or FA to check EAP Server(SendREFLOW_SECS_WS_AUTOMATION Recipe To EAP Fail, Please cal EE or FA to check EAP Server){""FAIL_GROUP"":""N"",""ERROR_CODE"":""CP001"",""ERROR_MESSAGE"":""FAIL, MoveIn_execute_raise_exception:Device_is_not_selected""}機台:[ASEF3-4730-811]",無法過帳,2025/9/18 上午 10:26:32
ASEF3,K25,8F,3190,802,自動化設備相關,儲格入料異常,機台異常,2025/9/18 上午 10:22:18
ASEF3,K11,8F,3910,824,過帳相關,無法MOVE IN、請重開EAP,無法過帳,2025/9/18 上午 10:17:05
ASEF3,K11,8F,4110,ALL,自動化設備相關,(M7820)台車位置檢知遮蔽,偵測檢知異常,2025/9/18 上午 09:48:46
ASEF3,K25,8F,3670,E05,自動化設備相關,,機台異常,2025/9/18 上午 09:37:27
ASEF3,K11,8F,4110,ALL,自動化設備相關,(M7820)台車位置檢知遮蔽,偵測檢知異常,2025/9/18 上午 09:20:47
ASEF3,K11,8F,4110,ALL,自動化設備相關,"(M7139)入料龍門夾爪動作逾時
(M7103)入料龍門過壓(X380)
(M7102)入料龍門Z軸極限遮蔽",卡盒卡盤,2025/9/18 上午 08:20:23
ASEF3,K11,8F,3910,814,過帳相關,"請協助消除 3910-814
5-34NFFJ-040-004
的作業紀錄，謝謝",連線異常,2025/9/18 上午 08:12:10
ASEF1,K22,8F,2945,0380,過帳相關,,無法過帳,2025/9/18 上午 08:08:34
ASEF3,K11,8F,3910,820,過帳相關,"請協助消除3910-820
5-37UYVP-022-001
的作業記錄，謝謝",連線異常,2025/9/18 上午 07:59:19
ASEF3,K11,7F,4730,820,關閉比對,4730#820  397 MTK  AI PROFILE   比對異常，EE TEAM 需求關閉比對，手動上傳爐溫，請協助關閉AI PROFILE,關整台,2025/9/18 上午 07:53:51
ASEF3,K11,6F,4730,602,關閉比對,4730#602 288L SQ  AI PROFILE最高溫異常  ，需求關閉比對(待工程師新增)，手動上傳爐溫，請協助關閉AI PROFILE,關整台,2025/9/18 上午 07:53:32
ASEF3,K11,7F,4730,821,關閉比對,4730#821  346L  25JSI無建檔  AI PROFILE  ，需求關閉比對(待工程師新增)，手動上傳爐溫，請協助關閉AI PROFILE,關整台,2025/9/18 上午 07:53:13
ASEF3,K11,7F,4730,803,關閉比對,4730#803  264(MM1X) L  AI PROFILE   比對異常，EE TEAM 需求關閉比對，手動上傳爐溫，請協助關閉AI PROFILE,關整台,2025/9/18 上午 07:52:44
ASEF3,K11,6F,4730,603,關閉比對,4730#603  266L 無美光  PROFILE ，EE TEAM 需求關閉比對，手動上傳爐溫，請協助關閉AI PROFILE,關整台,2025/9/18 上午 07:52:29
ASEF3,K11,8F,4730,814,關閉比對,4730#814 過帳電腦故障，EE TEAM 需求關閉比對，手動上傳爐溫，請協助關閉AI PROFILE,關整台,2025/9/18 上午 07:52:13
ASEF3,K11,9F,4730,801,關閉比對,4730#801 無安裝 AI PROFILE，系統有卡 EE TEAM 需求關閉比對，手動上傳爐溫，請協助關閉AI PROFILE,關整台,2025/9/18 上午 07:51:57
ASEF3,K11,9F,4730,816,關閉比對,4730#816 無安裝 AI PROFILE，系統有卡 EE TEAM 需求關閉比對，手動上傳爐溫，請協助關閉AI PROFILE,關整台,2025/9/18 上午 07:51:42
ASEF3,K11,9F,4515,651,關閉比對,4515#651 需過帳4554站點，請協助關閉防漏洗功能,關整台,2025/9/18 上午 07:51:26
ASEF3,K11,8F,3670,809,自動化設備相關,夾爪過壓,過壓防撞,2025/9/18 上午 07:46:44
ASEF3,K11,8F,4110,ALL,自動化設備相關,"(M7139)入料龍門夾爪動作逾時
(M7103)入料龍門過壓(X380)
(M7102)入料龍門Z軸極限遮蔽",卡盒卡盤,2025/9/18 上午 07:46:08
ASEF3,K25,8F,3260,ALL,自動化設備相關,NG,過壓防撞,2025/9/18 上午 06:40:19
ASEF3,K25,8F,3260,ALL,自動化設備相關,alarm,卡盒卡盤,2025/9/18 上午 06:17:17
ASEF3,K25,8F,4110,ALL,自動化設備相關,,卡盒卡盤,2025/9/18 上午 06:16:54
ASEF3,K11,6F,4600,607,自動化設備相關,4600-607 自動化手臂默停，請派人協助處理，非常感謝,默停,2025/9/18 上午 04:11:18
ASEF3,K11,8F,4110,ALL,自動化設備相關,,機台異常,2025/9/18 上午 03:02:02
ASEF5,K18,9F,3190,K04,過帳相關,無法MOVE OUT,無法過帳,2025/9/18 上午 02:44:55
ASEF3,K25,8F,3260,ALL,自動化設備相關,alarm,卡盒卡盤,2025/9/18 上午 02:24:17
ASEF3,K25,8F,4110,ALL,自動化設備相關,alarm,條碼讀取異常,2025/9/18 上午 12:47:00
ASEF3,K25,8F,2890,801,自動化設備相關,alarm,卡盒卡盤,2025/9/18 上午 12:27:30
ASEF3,K25,8F,3670,ALL,自動化設備相關,alarm,偵測檢知異常,2025/9/18 上午 12:26:03
ASEF3,K25,7F,2890,801,自動化設備相關,alarm,卡盒卡盤,2025/9/17 下午 11:54:28
ASEF3,K11,8F,4110,ALL,自動化設備相關,NG,機台異常,2025/9/17 下午 10:40:19
ASEF3,K25,8F,3670,E03,自動化設備相關,alarm,偵測檢知異常,2025/9/17 下午 10:36:34
ASEF3,K25,8F,3260,ALL,自動化設備相關,alarm,卡盒卡盤,2025/9/17 下午 10:24:22
ASEF3,K11,8F,4110,ALL,自動化設備相關,NG,機台異常,2025/9/17 下午 10:18:13
ASEF3,K25,8F,3800,09,自動化設備相關,alarm,命令異常,2025/9/17 下午 10:17:18
ASEF3,K25,8F,2890,801,自動化設備相關,,偵測檢知異常,2025/9/17 下午 09:25:20
ASEF3,K11,8F,4110,ALL,自動化設備相關,NG,機台異常,2025/9/17 下午 08:49:37
ASEF3,K25,8F,3670,ALL,自動化設備相關,,偵測檢知異常,2025/9/17 下午 08:46:58
ASEF3,K25,8F,3260,ALL,自動化設備相關,,卡盒卡盤,2025/9/17 下午 08:35:38
ASEF3,K11,7F,4730,803,關閉比對,4730#803  264(MM1X) L  AI PROFILE   比對異常，EE TEAM 需求關閉比對，手動上傳爐溫，請協助關閉AI PROFILE,關整台,2025/9/17 下午 08:19:57
ASEF3,K11,6F,4730,602,關閉比對,4730#602 288L SQ  AI PROFILE最高溫異常  ，需求關閉比對(待工程師新增)，手動上傳爐溫，請協助關閉AI PROFILE,關整台,2025/9/17 下午 07:55:02
ASEF3,K11,7F,4730,821,關閉比對,4730#821  346L  25JSI無建檔  AI PROFILE  ，需求關閉比對(待工程師新增)，手動上傳爐溫，請協助關閉AI PROFILE,關整台,2025/9/17 下午 07:54:44
ASEF3,K11,7F,4730,820,關閉比對,4730#820  397 MTK  AI PROFILE   比對異常，EE TEAM 需求關閉比對，手動上傳爐溫，請協助關閉AI PROFILE,關整台,2025/9/17 下午 07:54:26
ASEF3,K11,6F,4730,603,關閉比對,4730#603  266L 無美光  PROFILE ，EE TEAM 需求關閉比對，手動上傳爐溫，請協助關閉AI PROFILE,關整台,2025/9/17 下午 07:54:04
ASEF3,K11,8F,4730,814,關閉比對,4730#814 過帳電腦故障，EE TEAM 需求關閉比對，手動上傳爐溫，請協助關閉AI PROFILE,關整台,2025/9/17 下午 07:53:45
ASEF3,K11,9F,4730,801,關閉比對,4730#801 無安裝 AI PROFILE，系統有卡 EE TEAM 需求關閉比對，手動上傳爐溫，請協助關閉AI PROFILE,關整台,2025/9/17 下午 07:53:20
ASEF3,K11,9F,4730,816,關閉比對,4730#816 無安裝 AI PROFILE，系統有卡 EE TEAM 需求關閉比對，手動上傳爐溫，請協助關閉AI PROFILE,關整台,2025/9/17 下午 07:53:00
ASEF3,K11,9F,4515,651,關閉比對,4515#651 需過帳4554站點，請協助關閉防漏洗功能,關整台,2025/9/17 下午 07:52:35
ASEF3,K11,8F,4110,ALL,自動化設備相關,NG,機台異常,2025/9/17 下午 07:41:16
ASEF1,K21,8F,2500,ALL,自動化設備相關,2500-WIP NG,機台異常,2025/9/17 下午 07:25:01
ASEF3,K25,8F,2900,813F,自動化設備相關,,機台異常,2025/9/17 下午 07:21:44
ASEF1,K21,8F,2500,ALL,自動化設備相關,B LINE NG,機台異常,2025/9/17 下午 07:07:13
ASEF1,K21,5F,2845,T01,自動化設備相關,連線斷線，請協助重連,默停,2025/9/17 下午 06:41:11
ASEF3,K11,8F,4110,ALL,自動化設備相關,"(M7139)入料龍門夾爪動作逾時
(M7103)入料龍門過壓(X380)
(M7102)入料龍門Z軸極限遮蔽",卡盒卡盤,2025/9/17 下午 05:09:15
ASEF3,K11,8F,4110,ALL,自動化設備相關,"(M7139)入料龍門夾爪動作逾時
(M7103)入料龍門過壓(X380)
(M7102)入料龍門Z軸極限遮蔽",卡盒卡盤,2025/9/17 下午 03:38:19
ASEF3,K11,7F,2190,11,過帳相關,,連線異常,2025/9/17 下午 01:33:21
ASEF3,K11,7F,2190,09,過帳相關,連線異常,連線異常,2025/9/17 下午 01:32:42
ASEF3,K11,7F,2190,08,過帳相關,連線異常,連線異常,2025/9/17 下午 01:30:54
ASEF3,K11,7F,2190,05,過帳相關,連線異常,連線異常,2025/9/17 下午 01:30:36
ASEF3,K11,7F,2190,04,過帳相關,連線異常,連線異常,2025/9/17 下午 01:30:10
ASEF3,K11,8F,4110,ALL,自動化設備相關,(M7820)台車位置檢知遮蔽,偵測檢知異常,2025/9/17 下午 01:09:17
ASEF3,K11,8F,4110,ALL,自動化設備相關,"(M7139)入料龍門夾爪動作逾時
(M7103)入料龍門過壓(X380)
(M7102)入料龍門Z軸極限遮蔽 ",卡盒卡盤,2025/9/17 下午 01:08:10
ASEF3,K25,8F,4110,ALL,自動化設備相關,,機台異常,2025/9/17 上午 10:53:57
ASEF3,K11,8F,4110,ALL,自動化設備相關,(M7820)台車位置檢知遮蔽,偵測檢知異常,2025/9/17 上午 10:27:45
ASEF3,K25,8F,3260,ALL,自動化設備相關,,機台異常,2025/9/17 上午 09:53:42
ASEF3,K25,8F,3670,ALL,自動化設備相關,,機台異常,2025/9/17 上午 09:53:21
ASEF3,K11,8F,4110,A01,自動化設備相關,(M7820)台車位置檢知遮蔽,偵測檢知異常,2025/9/17 上午 09:48:27
ASEF1,K22,8F,2945,0380,過帳相關,,無法過帳,2025/9/17 上午 08:27:16
ASEF3,K11,6F,4730,602,關閉比對,4730#602 288L SQ  AI PROFILE最高溫異常  ，需求關閉比對(待工程師新增)，手動上傳爐溫，請協助關閉AI PROFILE,關整台,2025/9/17 上午 07:57:58
ASEF3,K11,7F,4730,821,關閉比對,4730#821  346L  25JSI無建檔  AI PROFILE  ，需求關閉比對(待工程師新增)，手動上傳爐溫，請協助關閉AI PROFILE,關整台,2025/9/17 上午 07:57:41
ASEF3,K11,7F,4730,803,關閉比對,4730#803  264(MM1X) L  AI PROFILE   比對異常，EE TEAM 需求關閉比對，手動上傳爐溫，請協助關閉AI PROFILE,關整台,2025/9/17 上午 07:57:26
ASEF3,K11,6F,4730,603,關閉比對,4730#603  266L 無美光  PROFILE ，EE TEAM 需求關閉比對，手動上傳爐溫，請協助關閉AI PROFILE,關整台,2025/9/17 上午 07:57:11
ASEF3,K11,8F,4730,814,關閉比對,4730#814 過帳電腦故障，EE TEAM 需求關閉比對，手動上傳爐溫，請協助關閉AI PROFILE,關整台,2025/9/17 上午 07:56:56
ASEF3,K11,9F,4730,801,關閉比對,4730#801 無安裝 AI PROFILE，系統有卡 EE TEAM 需求關閉比對，手動上傳爐溫，請協助關閉AI PROFILE,關整台,2025/9/17 上午 07:56:42
ASEF3,K11,9F,4730,816,關閉比對,4730#816 無安裝 AI PROFILE，系統有卡 EE TEAM 需求關閉比對，手動上傳爐溫，請協助關閉AI PROFILE,關整台,2025/9/17 上午 07:56:28
ASEF3,K11,8F,3910,804,過帳相關,"3910-804因讀取2D時FAIL，機台顯示產品已打印，實際產品未打印。
批號為 5-BZQMJ7-012-004
目前當站EE已確認OK，煩請協助消除此條批號之作業紀錄，謝謝。",連線異常,2025/9/17 上午 07:56:25
ASEF3,K11,9F,4515,651,關閉比對,4515#651 需過帳4554站點，請協助關閉防漏洗功能,關整台,2025/9/17 上午 07:56:12
ASEF3,K25,8F,3670,E05,自動化設備相關,,機台異常,2025/9/17 上午 07:18:57
ASEF3,K25,8F,2900,817H,過帳相關,WAFER ID,異常退盒,2025/9/17 上午 07:13:27
ASEF3,K11,8F,4110,ALL,自動化設備相關,4110自動化出料機故,機台異常,2025/9/16 下午 07:18:10
ASEF3,K11,8F,4110,ALL,自動化設備相關,4110自動化出料機故,機台異常,2025/9/16 下午 06:57:33
ASEF3,K25,8F,3260,ALL,自動化設備相關,,卡盒卡盤,2025/9/16 下午 06:55:40
ASEF1,K21,8F,2500,ALL,自動化設備相關,A區異常,機台異常,2025/9/16 下午 05:50:26
ASEF3,K25,9F,3910,9010,過帳相關,請協助重開EAP，感謝,無法過帳,2025/9/16 下午 05:17:51
ASEF3,K25,8F,3260,ALL,自動化設備相關,,卡盒卡盤,2025/9/16 下午 05:17:45
ASEF3,K11,8F,3260,ALL,自動化設備相關,,機台異常,2025/9/16 下午 05:03:19
ASEF3,K25,8F,3260,ALL,自動化設備相關,na,機台異常,2025/9/16 下午 04:56:50
ASEF3,K25,8F,3260,ALL,自動化設備相關,na,機台異常,2025/9/16 下午 04:40:59
ASEF3,K25,8F,3260,ALL,自動化設備相關,na,機台異常,2025/9/16 下午 04:27:24
ASEF3,K25,8F,3670,ALL,自動化設備相關,na,機台異常,2025/9/16 下午 03:56:32
ASEF3,K25,8F,4110,ALL,自動化設備相關,na,機台異常,2025/9/16 下午 03:28:25
ASEF3,K11,3F,2900,K17F,自動化程式相關,更換EAP電腦，需安裝EAP軟體,程式更新,2025/9/16 下午 03:25:36
ASEF3,K25,8F,3260,ALL,自動化設備相關,na,機台異常,2025/9/16 下午 03:19:02
ASEF3,K25,8F,3800,ALL,自動化設備相關,na,機台異常,2025/9/16 下午 03:16:24
ASEF3,K25,8F,4110,ALL,自動化設備相關,na,機台異常,2025/9/16 下午 03:12:35
ASEF1,K21,8F,2715,A02,過帳相關,MOVE IN失敗,無法過帳,2025/9/16 下午 02:50:36
ASEF3,K25,8F,3260,ALL,自動化設備相關,na,機台異常,2025/9/16 下午 02:44:16
ASEF3,K25,8F,4110,ALL,自動化設備相關,na,機台異常,2025/9/16 下午 02:43:27
ASEF3,K11,8F,4110,ALL,自動化設備相關,4110自動化出料機故,機台異常,2025/9/16 下午 02:25:24
ASEF1,K21,8F,2500,ALL,自動化設備相關,,機台異常,2025/9/16 下午 01:16:12
ASEF1,K21,8F,2845,ALL,自動化設備相關,,機台異常,2025/9/16 下午 01:15:48
ASEF3,K11,8F,4110,ALL,自動化設備相關,4110自動化出料機故,機台異常,2025/9/16 下午 01:13:12
ASEF1,K21,8F,2500,ALL,自動化設備相關,A區異常,默停,2025/9/16 下午 12:28:22
ASEF3,K25,8F,4110,ALL,自動化設備相關,,卡盒卡盤,2025/9/16 下午 12:19:34
ASEF3,K25,8F,3260,ALL,自動化設備相關,,卡盒卡盤,2025/9/16 下午 12:11:10
ASEF3,K11,8F,4110,ALL,自動化設備相關,4110自動化出料機故,機台異常,2025/9/16 上午 11:30:00
ASEF3,K25,8F,3260,ALL,自動化設備相關,na,機台異常,2025/9/16 上午 11:12:34
ASEF3,K25,8F,3260,ALL,自動化設備相關,,卡盒卡盤,2025/9/16 上午 10:49:04
ASEF3,K11,8F,3910,810,過帳相關,"3910-810
5-35O8DT-086-002
3910-811
5-BZQMHR-008-002
刪除以上2D記錄",連線異常,2025/9/16 上午 10:39:56
ASEF3,K25,9F,3910,9005,過帳相關,請協助重開EAP， 謝謝,無法過帳,2025/9/16 上午 10:15:58
ASEF3,K25,8F,2490,801,過帳相關,"TrackIn 失敗(Fail):CDQMUAW001(Magazine ID:CA04107BK) UV_ERASE_WS_AUTOMATION Recipe To EAP失敗, Please cal EE or FA to check EAP Server(SendUV_ERASE_WS_AUTOMATION Recipe To EAP Fail, Please cal EE or FA to check EAP Server){""",無法過帳,2025/9/16 上午 09:57:07
ASEF3,K11,8F,3910,824,過帳相關,"5-AXQMRL-008-001
消除作業紀錄",參數比對異常,2025/9/16 上午 09:56:01
ASEF3,K11,8F,3910,811,過帳相關,"5-BZQMHR-008-002

CANCEL MOVE IN",無法過帳,2025/9/16 上午 09:40:34
ASEF3,K11,8F,3910,812,過帳相關,"5-BZQMHW-013-004
cancel 2d",連線異常,2025/9/16 上午 09:35:51
ASEF3,K11,8F,3910,814,過帳相關,"請協助消除 3910-814
5-JTQMHX-008-003
的作業紀錄，謝謝",連線異常,2025/9/16 上午 09:32:52
ASEF3,K11,8F,3910,810,過帳相關,"5-3508DT-086-002
刪除2D記錄",連線異常,2025/9/16 上午 09:32:18
ASEF3,K11,8F,3910,824,過帳相關,"請協助消除 3910-824
5-AXQMRL-012-001 &
5-AXQMRL-008-001
的作業紀錄，謝謝",連線異常,2025/9/16 上午 09:31:42
ASEF3,K11,8F,3910,823,過帳相關,2D讀取Timeout，請協助清除2D讀取紀錄。5-37UYRE-008-001,連線異常,2025/9/16 上午 09:31:11
ASEF3,K11,8F,3910,816,過帳相關,"3910-816 因讀取2D時FAIL，機台顯示產品已打印，實際產品未打印。
批號為 5-37UY76-003-001
目前當站EE已確認OK，煩請協助消除此條批號之作業紀錄，謝謝。",連線異常,2025/9/16 上午 09:30:45
ASEF3,K11,8F,3910,807,過帳相關,2D讀取Timeout，請協助清除2D讀取紀錄。5-36LMWX-009-005,連線異常,2025/9/16 上午 09:30:01
ASEF3,K11,8F,3910,820,過帳相關,"3910-820 因讀取2D時FAIL，機台顯示產品已打印，實際產品未打印。
批號為 5-36UYF2-004-002
目前當站EE已確認OK，煩請協助消除此條批號之作業紀錄，謝謝。",連線異常,2025/9/16 上午 09:29:51
ASEF3,K11,8F,3910,808,過帳相關,2D讀取Timeout，請協助清除2D讀取紀錄。5-362KHV-069-002,連線異常,2025/9/16 上午 09:28:41
ASEF3,K11,8F,3910,804,過帳相關,2D讀取Timeout，請協助清除2D讀取紀錄。5-GXQMZU-006-002,連線異常,2025/9/16 上午 09:27:18
ASEF3,K11,8F,3910,805,過帳相關,2D讀取Timeout，請協助清除2D讀取紀錄。5-JTQMFA-012-001,連線異常,2025/9/16 上午 09:25:50
ASEF3,K11,8F,4110,ALL,自動化設備相關,4110自動化機故,機台異常,2025/9/16 上午 08:55:41
ASEF3,K25,8F,4110,ALL,自動化設備相關,na,機台異常,2025/9/16 上午 08:28:56
ASEF3,K11,7F,4730,822,關閉比對,4730#822  550L  I無MTK  AI PROFILE  ，需求關閉比對(待工程師新增)，手動上傳爐溫，請協助關閉AI PROFILE,關整台,2025/9/16 上午 08:04:42
ASEF3,K25,9F,3910,9002,過帳相關,"請協助刪除作業記錄
5-362KMG-002-005",連線異常,2025/9/16 上午 08:01:53
ASEF3,K25,8F,4110,ALL,自動化設備相關,na,機台異常,2025/9/16 上午 08:01:06
ASEF1,K22,9F,4805,B60,關閉比對,,關整台,2025/9/16 上午 07:55:40
ASEF3,K11,7F,4730,821,關閉比對,4730#821  346L  25JSI無建檔  AI PROFILE  ，需求關閉比對(待工程師新增)，手動上傳爐溫，請協助關閉AI PROFILE,關整台,2025/9/16 上午 07:52:52
ASEF3,K11,7F,4730,803,關閉比對,4730#803  264(MM1X)   (EL) AI PROFILE   比對異常，需求關閉比對(待工程師新增)，手動上傳爐溫，請協助關閉AI PROFILE,關整台,2025/9/16 上午 07:52:31
ASEF3,K11,6F,4730,603,關閉比對,4730#603  266L 無美光  AI PROFILE ， 需求關閉比對(待工程師新增)，手動上傳爐溫，請協助關閉AI PROFILE,關整台,2025/9/16 上午 07:52:12
ASEF3,K11,8F,4730,814,關閉比對,4730#814 過帳電腦故障，需關閉比對(待工程師同CIM安裝程式)，手動上傳爐溫，請協助關閉AI PROFILE,關整台,2025/9/16 上午 07:51:48
ASEF3,K11,9F,4730,816,關閉比對,4730#816 無安裝 AI PROFILE，系統有卡 EE TEAM 需求關閉比對，手動上傳爐溫，請協助關閉AI PROFILE,關整台,2025/9/16 上午 07:51:24
ASEF3,K11,9F,4515,651,關閉比對,4515#651 需過帳4554站點，請協助關閉防漏洗功能,關整台,2025/9/16 上午 07:50:53
ASEF3,K25,8F,2890,801,自動化設備相關,,卡盒卡盤,2025/9/16 上午 07:30:04
ASEF3,K25,8F,3260,ALL,自動化設備相關,,卡盒卡盤,2025/9/16 上午 07:28:22
ASEF3,K25,8F,3260,ALL,自動化設備相關,,卡盒卡盤,2025/9/15 下午 06:51:35
ASEF3,K25,8F,3260,ALL,自動化設備相關,na,機台異常,2025/9/15 下午 06:47:08
ASEF1,K21,8F,2500,ALL,自動化設備相關,,機台異常,2025/9/15 下午 06:46:13
ASEF3,K11,8F,4110,ALL,自動化設備相關,4110自動化入料龍門夾爪異常,機台異常,2025/9/15 下午 06:38:26
ASEF1,K21,8F,2900,A09F,自動化設備相關,,機台異常,2025/9/15 下午 06:25:13
ASEF3,K11,8F,4110,ALL,過帳相關,4110自動化連線異常,連線異常,2025/9/15 下午 05:47:09
ASEF3,K25,8F,3260,ALL,自動化設備相關,,卡盒卡盤,2025/9/15 下午 05:32:36
ASEF1,K21,8F,2715,ALL,自動化設備相關,,機台異常,2025/9/15 下午 04:19:06
ASEF1,K21,5F,3910,C01S,自動化設備相關,3910-C01S  因連線中斷導致讀取2D後失敗，無法打印該條產品。批號為 :  5-36IEYW-002-004、5-36IEYW-002-006，目前當站EE已確認OK，煩請協助消除此條批號之作業紀錄，謝謝。,偵測檢知異常,2025/9/15 下午 03:39:42
ASEF3,K25,8F,4110,ALL,自動化設備相關,na,機台異常,2025/9/15 下午 03:07:02
ASEF3,K25,8F,3670,E04,自動化設備相關,,機台異常,2025/9/15 下午 02:44:15
ASEF3,K25,8F,3260,ALL,自動化設備相關,,卡盒卡盤,2025/9/15 下午 02:27:01
ASEF3,K11,8F,4110,ALL,自動化設備相關,4110自動化入料龍門夾爪機故,機台異常,2025/9/15 下午 02:25:08
ASEF3,K25,8F,3260,ALL,自動化設備相關,,卡盒卡盤,2025/9/15 下午 02:17:49
ASEF3,K25,8F,4507,ALL,自動化設備相關,na,機台異常,2025/9/15 下午 02:05:29
ASEF5,K18,10F,5100,K23,過帳相關,"請幫忙設定
(1) Max Capacity = 1
(2) 機台Automation
可以參照ASEF5-5100-K01設定
謝謝！",無法過帳,2025/9/15 下午 02:01:29
ASEF5,K18,10F,5100,K21,過帳相關,"請幫忙設定
(1) Max Capacity = 1
(2) 機台Automation
可以參照ASEF5-5100-K01設定
謝謝！",無法過帳,2025/9/15 下午 02:01:02
ASEF5,K18,10F,5100,K19,過帳相關,"請幫忙設定
(1) Max Capacity = 1
(2) 機台Automation
可以參照ASEF5-5100-K01設定
謝謝！",無法過帳,2025/9/15 下午 02:00:28
ASEF5,K18,10F,5100,K17,過帳相關,"請幫忙設定
(1) Max Capacity = 1
(2) 機台Automation
可以參照ASEF5-5100-K01設定
謝謝！",無法過帳,2025/9/15 下午 01:59:59
ASEF5,K18,10F,5100,K15,過帳相關,"請幫忙設定
(1) Max Capacity = 1
(2) 機台Automation
可以參照ASEF5-5100-K01設定
謝謝！",無法過帳,2025/9/15 下午 01:59:08
ASEF5,K18,10F,5100,K13,過帳相關,"請幫忙設定
(1) Max Capacity = 1
(2) 機台Automation
可以參照ASEF5-5100-K01設定
謝謝！",無法過帳,2025/9/15 下午 01:58:42
ASEF3,K25,8F,4507,ALL,自動化設備相關,na,機台異常,2025/9/15 下午 01:54:34
ASEF3,K25,8F,4110,ALL,自動化設備相關,,卡盒卡盤,2025/9/15 下午 01:26:43
ASEF3,K25,8F,3260,ALL,自動化設備相關,,卡盒卡盤,2025/9/15 下午 01:20:39
ASEF3,K11,8F,4110,ALL,自動化設備相關,4110自動化出料機故,機台異常,2025/9/15 下午 01:01:30
ASEF3,K11,8F,4110,ALL,自動化設備相關,4110自動化出料機故,機台異常,2025/9/15 下午 12:31:06
ASEF3,K25,8F,4110,ALL,自動化設備相關,,機台異常,2025/9/15 上午 11:23:04
ASEF3,K25,8F,3670,ALL,自動化設備相關,,機台異常,2025/9/15 上午 11:22:46
ASEF3,K11,8F,4110,ALL,自動化設備相關,4110出料龍門夾爪異常,機台異常,2025/9/15 上午 11:05:58
ASEF3,K11,8F,3450,314,自動化設備相關,,機台異常,2025/9/15 上午 10:01:25
ASEF3,K11,8F,4110,ALL,自動化設備相關,4110自動化出料機故,機台異常,2025/9/15 上午 09:54:17
ASEF3,K25,8F,2900,815F,過帳相關,TrackOut 失敗(Fail):批號:372KD3B001 WAFERID蒐集站點請輸入WAFERID.(MUST KEY IN WAFERID),無法過帳,2025/9/15 上午 09:52:19
ASEF3,K25,8F,3450,ALL,自動化設備相關,,機台異常,2025/9/15 上午 09:35:42
ASEF3,K25,8F,3450,ALL,自動化設備相關,,機台異常,2025/9/15 上午 09:17:22
ASEF3,K25,8F,3450,ALL,自動化設備相關,,機台異常,2025/9/15 上午 09:03:43
ASEF3,K25,8F,3260,ALL,自動化設備相關,,卡盒卡盤,2025/9/15 上午 08:55:12
ASEF3,K11,6F,4730,602,關閉比對,4730#602  最高溫異常  SQ  AI PROFILE ， 需求關閉比對(待工程師新增)，手動上傳爐溫，請協助關閉AI PROFILE,關整台,2025/9/15 上午 08:36:55
ASEF3,K11,7F,4730,821,關閉比對,4730#821  346L  25JSI無建檔  AI PROFILE  ，需求關閉比對(待工程師新增)，手動上傳爐溫，請協助關閉AI PROFILE,關整台,2025/9/15 上午 08:06:59
ASEF3,K11,7F,4730,803,關閉比對,4730#803  264(MM1X)   (EL) AI PROFILE   比對異常，需求關閉比對(待工程師新增)，手動上傳爐溫，請協助關閉AI PROFILE,關整台,2025/9/15 上午 08:06:26
ASEF1,K21,8F,2895,A01F,關閉比對,,關整台,2025/9/15 上午 08:06:24
ASEF3,K11,6F,4730,603,關閉比對,4730#603  266L 無美光  AI PROFILE ， 需求關閉比對(待工程師新增)，手動上傳爐溫，請協助關閉AI PROFILE,關整台,2025/9/15 上午 08:06:04
ASEF3,K11,8F,4730,814,關閉比對,4730#814 過帳電腦故障，需關閉比對(待工程師同CIM安裝程式)，手動上傳爐溫，請協助關閉AI PROFILE,關整台,2025/9/15 上午 08:04:58
ASEF3,K11,9F,4730,816,關閉比對,4730#816 無安裝 AI PROFILE，系統有卡 EE TEAM 需求關閉比對，手動上傳爐溫，請協助關閉AI PROFILE,關整台,2025/9/15 上午 08:04:35
ASEF3,K11,9F,4515,651,關閉比對,4515#651 需過帳4554站點，請協助關閉防漏洗功能,關整台,2025/9/15 上午 08:04:10
ASEF3,K25,9F,3910,9006,過帳相關,"請協助刪除作業記錄
5-372KCM-009-004",連線異常,2025/9/15 上午 07:59:10
ASEF3,K25,9F,3910,9007,過帳相關,"請協助刪除作業記錄
5-37UYSN-039-008",連線異常,2025/9/15 上午 07:55:49
ASEF1,K22,9F,4805,B60,關閉比對,,關整台,2025/9/15 上午 07:55:33
ASEF3,K11,8F,4110,ALL,自動化設備相關,,卡盒卡盤,2025/9/15 上午 07:54:40
ASEF3,K11,8F,4110,ALL,自動化設備相關,4110自動化出料機故,機台異常,2025/9/15 上午 07:45:44
ASEF3,K11,8F,3260,A10,自動化設備相關,,機台異常,2025/9/15 上午 07:27:51
ASEF3,K25,8F,4110,B17,自動化設備相關,,卡盒卡盤,2025/9/15 上午 07:21:31
ASEF3,K25,8F,2890,803,自動化設備相關,,卡盒卡盤,2025/9/15 上午 06:52:06
ASEF3,K25,8F,3260,ALL,自動化設備相關,,卡盒卡盤,2025/9/15 上午 06:43:12
ASEF3,K11,8F,4110,ALL,自動化設備相關,,機台異常,2025/9/15 上午 06:35:02
ASEF3,K25,8F,2845,803,自動化設備相關,alarm,卡盒卡盤,2025/9/15 上午 06:22:57
ASEF3,K25,8F,3670,ALL,自動化設備相關,NG,卡盒卡盤,2025/9/15 上午 06:11:15
ASEF3,K25,8F,2890,803,自動化設備相關,NG,卡盒卡盤,2025/9/15 上午 05:45:51
ASEF3,K25,8F,2890,801,自動化設備相關,,偵測檢知異常,2025/9/15 上午 05:30:13
ASEF3,K25,8F,4110,B17,自動化設備相關,alarm,卡盒卡盤,2025/9/15 上午 05:29:46
ASEF3,K25,8F,3800,ALL,自動化設備相關,,卡盒卡盤,2025/9/15 上午 05:16:11
ASEF1,K21,5F,3910,C01S,過帳相關,"Hello CIM：
3910-C01S 
請協助消除此條批號之作業紀錄，批號為 5-36IEYV-001-008，謝謝。",無法過帳,2025/9/15 上午 05:00:50
ASEF3,K25,8F,3260,B17,自動化設備相關,,卡盒卡盤,2025/9/15 上午 04:54:10
ASEF3,K25,8F,3800,09,自動化設備相關,alarm,命令異常,2025/9/15 上午 04:06:14
ASEF3,K25,9F,3910,9010,自動化設備相關,alarm,卡盒卡盤,2025/9/15 上午 03:44:07
ASEF3,K11,8F,4110,ALL,自動化設備相關,NG,機台異常,2025/9/15 上午 03:42:17
ASEF3,K25,8F,2890,802,自動化設備相關,alarm,卡盒卡盤,2025/9/15 上午 03:40:41
ASEF3,K25,8F,2890,802,自動化設備相關,alarm,卡盒卡盤,2025/9/15 上午 03:12:14
ASEF3,K25,8F,2900,802H,過帳相關,wafer if,異常退盒,2025/9/15 上午 02:32:40
ASEF3,K25,8F,2900,804H,過帳相關,wafer id,異常退盒,2025/9/15 上午 02:28:30
ASEF3,K11,8F,4110,ALL,自動化設備相關,NG,機台異常,2025/9/15 上午 02:19:59
ASEF1,K21,5F,3910,C01S,過帳相關,"Hello CIM：
3910-C01S 
請協助消除此條批號之作業紀錄，批號為 5-36IEYS-001-004，謝謝。",參數比對異常,2025/9/15 上午 02:10:08
ASEF3,K25,8F,3260,B19,自動化設備相關,alarm,卡盒卡盤,2025/9/15 上午 02:07:17
ASEF3,K25,8F,3260,B18,自動化設備相關,alarm,卡盒卡盤,2025/9/15 上午 01:23:59
ASEF3,K25,8F,2890,801,自動化設備相關,alarm,偵測檢知異常,2025/9/15 上午 12:36:28
